{"cameraMode":{"drawMode":0,"name":"Shaded","section":"Shading Mode"},"sceneLighting":false,"audioPlay":false,"sceneViewState":{"m_AlwaysRefresh":false,"showFog":true,"showSkybox":false,"showFlares":true,"showImageEffects":true,"showParticleSystems":true,"showVisualEffectGraphs":true,"m_FxEnabled":true},"in2DMode":false,"pivot":{"x":3.6329898834228517,"y":0.5347442626953125,"z":-2.3662242889404299},"rotation":{"x":0.26389235258102419,"y":0.4291205406188965,"z":-0.13539890944957734,"w":0.8550916910171509},"size":19.703786849975587,"orthographic":false}