{"cameraMode":{"drawMode":0,"name":"Shaded","section":"Shading Mode"},"sceneLighting":true,"audioPlay":false,"sceneViewState":{"m_AlwaysRefresh":false,"showFog":true,"showSkybox":true,"showFlares":true,"showImageEffects":true,"showParticleSystems":true,"showVisualEffectGraphs":true,"m_FxEnabled":true},"in2DMode":false,"pivot":{"x":18.292234420776368,"y":48.20225143432617,"z":-45.474918365478519},"rotation":{"x":-0.25689542293548586,"y":-0.6162847280502319,"z":0.22731421887874604,"w":-0.7112645506858826},"size":0.5581384301185608,"orthographic":false}