{"cameraMode":{"drawMode":0,"name":"Shaded","section":"Shading Mode"},"sceneLighting":true,"audioPlay":false,"sceneViewState":{"m_AlwaysRefresh":false,"showFog":true,"showSkybox":true,"showFlares":true,"showImageEffects":true,"showParticleSystems":true,"showVisualEffectGraphs":true,"m_FxEnabled":true},"in2DMode":false,"pivot":{"x":3.507122755050659,"y":28.313552856445314,"z":-9.914653778076172},"rotation":{"x":-0.013304688967764378,"y":0.9991936683654785,"z":-0.05032346770167351,"w":-0.08358056098222733},"size":9.949441909790039,"orthographic":false}