{"cameraMode":{"drawMode":0,"name":"Shaded","section":"Shading Mode"},"sceneLighting":true,"audioPlay":false,"sceneViewState":{"m_AlwaysRefresh":false,"showFog":true,"showSkybox":true,"showFlares":true,"showImageEffects":true,"showParticleSystems":true,"showVisualEffectGraphs":true,"m_FxEnabled":true},"in2DMode":false,"pivot":{"x":-17.518909454345704,"y":-5.567957878112793,"z":-6.929553031921387},"rotation":{"x":0.035086724907159808,"y":-0.8276529908180237,"z":0.052295513451099399,"w":0.5578965544700623},"size":13.296953201293946,"orthographic":false}