{"cameraMode":{"drawMode":0,"name":"Shaded","section":"Shading Mode"},"sceneLighting":true,"audioPlay":false,"sceneViewState":{"m_AlwaysRefresh":false,"showFog":true,"showSkybox":true,"showFlares":true,"showImageEffects":true,"showParticleSystems":true,"showVisualEffectGraphs":true,"m_FxEnabled":true},"in2DMode":false,"pivot":{"x":-21.428205490112306,"y":34.79853057861328,"z":-54.83755874633789},"rotation":{"x":-0.000041179286199621856,"y":0.9631484150886536,"z":0.04071426764130592,"w":-0.2823503911495209},"size":25.05643081665039,"orthographic":false}