{"cameraMode":{"drawMode":0,"name":"Shaded","section":"Shading Mode"},"sceneLighting":true,"audioPlay":false,"sceneViewState":{"m_AlwaysRefresh":false,"showFog":true,"showSkybox":true,"showFlares":true,"showImageEffects":true,"showParticleSystems":true,"showVisualEffectGraphs":true,"m_FxEnabled":true},"in2DMode":false,"pivot":{"x":10.912550926208496,"y":34.04845428466797,"z":1.1286466121673585},"rotation":{"x":0.18650810420513154,"y":0.6646245121955872,"z":-0.18067523837089539,"w":0.7045145630836487},"size":7.498143196105957,"orthographic":false}