{"cameraMode":{"drawMode":0,"name":"Shaded","section":"Shading Mode"},"sceneLighting":false,"audioPlay":false,"sceneViewState":{"m_AlwaysRefresh":false,"showFog":true,"showSkybox":false,"showFlares":true,"showImageEffects":true,"showParticleSystems":true,"showVisualEffectGraphs":true,"m_FxEnabled":true},"in2DMode":false,"pivot":{"x":21.434417724609376,"y":34.59242248535156,"z":19.107847213745118},"rotation":{"x":-0.0909757986664772,"y":-0.07618570327758789,"z":0.010931985452771187,"w":-0.9946661591529846},"size":12.12435531616211,"orthographic":false}