{"cameraMode":{"drawMode":0,"name":"Shaded","section":"Shading Mode"},"sceneLighting":false,"audioPlay":false,"sceneViewState":{"m_AlwaysRefresh":false,"showFog":true,"showSkybox":false,"showFlares":true,"showImageEffects":true,"showParticleSystems":true,"showVisualEffectGraphs":true,"m_FxEnabled":true},"in2DMode":false,"pivot":{"x":14.169120788574219,"y":33.33426284790039,"z":21.80630111694336},"rotation":{"x":-0.10464759916067124,"y":0.08756831288337708,"z":-0.005254084710031748,"w":-0.9924281239509583},"size":12.12435531616211,"orthographic":false}