{"cameraMode":{"drawMode":0,"name":"Shaded","section":"Shading Mode"},"sceneLighting":false,"audioPlay":false,"sceneViewState":{"m_AlwaysRefresh":false,"showFog":true,"showSkybox":false,"showFlares":true,"showImageEffects":true,"showParticleSystems":true,"showVisualEffectGraphs":true,"m_FxEnabled":true},"in2DMode":false,"pivot":{"x":19.924030303955079,"y":38.87736129760742,"z":0.05230379104614258},"rotation":{"x":0.07288328558206558,"y":-0.47817832231521609,"z":0.042323965579271319,"w":0.8743640780448914},"size":1.0192861557006837,"orthographic":false}