{"cameraMode":{"drawMode":0,"name":"Shaded","section":"Shading Mode"},"sceneLighting":false,"audioPlay":false,"sceneViewState":{"m_AlwaysRefresh":false,"showFog":true,"showSkybox":false,"showFlares":true,"showImageEffects":true,"showParticleSystems":true,"showVisualEffectGraphs":true,"m_FxEnabled":true},"in2DMode":false,"pivot":{"x":-3.9948501586914064,"y":-0.053639329969882968,"z":10.79051399230957},"rotation":{"x":-0.35962361097335818,"y":0.055554863065481189,"z":-0.018667347729206086,"w":-0.9328360557556152},"size":19.703777313232423,"orthographic":false}