{"cameraMode":{"drawMode":0,"name":"Shaded","section":"Shading Mode"},"sceneLighting":false,"audioPlay":false,"sceneViewState":{"m_AlwaysRefresh":false,"showFog":true,"showSkybox":false,"showFlares":true,"showImageEffects":true,"showParticleSystems":true,"showVisualEffectGraphs":true,"m_FxEnabled":true},"in2DMode":false,"pivot":{"x":-4.874899864196777,"y":1.0044326782226563,"z":-23.37969970703125},"rotation":{"x":-0.030512385070323945,"y":0.9381441473960877,"z":-0.34073570370674136,"w":-0.07607533037662506},"size":19.703777313232423,"orthographic":false}