{"cameraMode":{"drawMode":0,"name":"Shaded","section":"Shading Mode"},"sceneLighting":false,"audioPlay":false,"sceneViewState":{"m_AlwaysRefresh":false,"showFog":true,"showSkybox":false,"showFlares":true,"showImageEffects":true,"showParticleSystems":true,"showVisualEffectGraphs":true,"m_FxEnabled":true},"in2DMode":false,"pivot":{"x":0.6808010339736939,"y":0.2326200008392334,"z":-0.5944885611534119},"rotation":{"x":0.1039513573050499,"y":-0.47968727350234988,"z":0.05680716410279274,"w":0.8728632926940918},"size":0.198465496301651,"orthographic":false}