{"cameraMode":{"drawMode":0,"name":"Shaded","section":"Shading Mode"},"sceneLighting":false,"audioPlay":false,"sceneViewState":{"m_AlwaysRefresh":false,"showFog":true,"showSkybox":false,"showFlares":true,"showImageEffects":true,"showParticleSystems":true,"showVisualEffectGraphs":true,"m_FxEnabled":true},"in2DMode":false,"pivot":{"x":104.76384735107422,"y":4.352521896362305,"z":-45.828468322753909},"rotation":{"x":0.027373280376195909,"y":-0.9511005878448486,"z":0.07100088894367218,"w":0.3051387369632721},"size":2.188634157180786,"orthographic":false}