{"cameraMode":{"drawMode":0,"name":"Shaded","section":"Shading Mode"},"sceneLighting":false,"audioPlay":false,"sceneViewState":{"m_AlwaysRefresh":false,"showFog":true,"showSkybox":false,"showFlares":true,"showImageEffects":true,"showParticleSystems":true,"showVisualEffectGraphs":true,"m_FxEnabled":true},"in2DMode":false,"pivot":{"x":106.23590087890625,"y":3.8808844089508058,"z":-45.4232063293457},"rotation":{"x":0.022325480356812478,"y":-0.9825919270515442,"z":0.12182950973510742,"w":0.15045250952243806},"size":2.188634157180786,"orthographic":false}