{"cameraMode":{"drawMode":0,"name":"Shaded","section":"Shading Mode"},"sceneLighting":false,"audioPlay":false,"sceneViewState":{"m_AlwaysRefresh":false,"showFog":true,"showSkybox":false,"showFlares":true,"showImageEffects":true,"showParticleSystems":true,"showVisualEffectGraphs":true,"m_FxEnabled":true},"in2DMode":false,"pivot":{"x":4.7921648025512699,"y":0.04397010803222656,"z":-15.744885444641114},"rotation":{"x":0.056077174842357638,"y":0.9168584942817688,"z":-0.37257295846939089,"w":0.14094960689544679},"size":19.703779220581056,"orthographic":false}