{"cameraMode":{"drawMode":0,"name":"Shaded","section":"Shading Mode"},"sceneLighting":false,"audioPlay":false,"sceneViewState":{"m_AlwaysRefresh":false,"showFog":true,"showSkybox":false,"showFlares":true,"showImageEffects":true,"showParticleSystems":true,"showVisualEffectGraphs":true,"m_FxEnabled":true},"in2DMode":false,"pivot":{"x":0.6637742519378662,"y":0.023732304573059083,"z":0.7312219142913818},"rotation":{"x":0.197629913687706,"y":-0.7423167824745178,"z":0.2417033314704895,"w":0.5990819931030273},"size":1.2875677347183228,"orthographic":false}