{"cameraMode":{"drawMode":0,"name":"Shaded","section":"Shading Mode"},"sceneLighting":false,"audioPlay":false,"sceneViewState":{"m_AlwaysRefresh":false,"showFog":true,"showSkybox":false,"showFlares":true,"showImageEffects":true,"showParticleSystems":true,"showVisualEffectGraphs":true,"m_FxEnabled":true},"in2DMode":false,"pivot":{"x":-0.01770642399787903,"y":-0.002346336841583252,"z":-0.00006770901381969452},"rotation":{"x":-0.029017578810453416,"y":0.9757404923439026,"z":-0.14667099714279176,"w":-0.18241378664970399},"size":0.5641711950302124,"orthographic":false}