{"cameraMode":{"drawMode":0,"name":"Shaded","section":"Shading Mode"},"sceneLighting":false,"audioPlay":false,"sceneViewState":{"m_AlwaysRefresh":false,"showFog":true,"showSkybox":false,"showFlares":true,"showImageEffects":true,"showParticleSystems":true,"showVisualEffectGraphs":true,"m_FxEnabled":true},"in2DMode":false,"pivot":{"x":-0.7516924142837524,"y":0.1871187686920166,"z":0.5552371740341187},"rotation":{"x":-0.11942747980356217,"y":0.28758347034454348,"z":-0.03315051645040512,"w":-0.9523463845252991},"size":1.3781626224517823,"orthographic":false}