{"cameraMode":{"drawMode":0,"name":"Shaded","section":"Shading Mode"},"sceneLighting":false,"audioPlay":false,"sceneViewState":{"m_AlwaysRefresh":false,"showFog":true,"showSkybox":false,"showFlares":true,"showImageEffects":true,"showParticleSystems":true,"showVisualEffectGraphs":true,"m_FxEnabled":true},"in2DMode":false,"pivot":{"x":0.10654139518737793,"y":0.12703707814216615,"z":0.45996665954589846},"rotation":{"x":-0.025849634781479837,"y":0.9340773224830627,"z":-0.05609755590558052,"w":-0.3588707745075226},"size":1.3781626224517823,"orthographic":false}