{"cameraMode":{"drawMode":0,"name":"Shaded","section":"Shading Mode"},"sceneLighting":false,"audioPlay":false,"sceneViewState":{"m_AlwaysRefresh":false,"showFog":true,"showSkybox":false,"showFlares":true,"showImageEffects":true,"showParticleSystems":true,"showVisualEffectGraphs":true,"m_FxEnabled":true},"in2DMode":false,"pivot":{"x":104.39834594726563,"y":3.938002109527588,"z":-44.872947692871097},"rotation":{"x":0.06727267056703568,"y":-0.8957539200782776,"z":0.12963230907917024,"w":0.43004921078681948},"size":3.2794268131256105,"orthographic":false}