{"cameraMode":{"drawMode":0,"name":"Shaded","section":"Shading Mode"},"sceneLighting":false,"audioPlay":false,"sceneViewState":{"m_AlwaysRefresh":false,"showFog":true,"showSkybox":false,"showFlares":true,"showImageEffects":true,"showParticleSystems":true,"showVisualEffectGraphs":true,"m_FxEnabled":true},"in2DMode":false,"pivot":{"x":-5.319798469543457,"y":11.037492752075196,"z":-23.086027145385743},"rotation":{"x":0.05175567790865898,"y":-0.9419274926185608,"z":0.3012731969356537,"w":0.14837177097797395},"size":19.703777313232423,"orthographic":false}