{"cameraMode":{"drawMode":0,"name":"Shaded","section":"Shading Mode"},"sceneLighting":false,"audioPlay":false,"sceneViewState":{"m_AlwaysRefresh":false,"showFog":true,"showSkybox":false,"showFlares":true,"showImageEffects":true,"showParticleSystems":true,"showVisualEffectGraphs":true,"m_FxEnabled":true},"in2DMode":false,"pivot":{"x":0.1635298728942871,"y":0.03251470625400543,"z":-0.07374191284179688},"rotation":{"x":-0.07819129526615143,"y":-0.2500287890434265,"z":0.020626364275813104,"w":-0.9679701924324036},"size":0.5641711950302124,"orthographic":false}